SG_UF_PROVA;CO_MUNICIPIO_PROVA;NO_MUNICIPIO_PROVA;CO_COORDENACAO;CO_LOCAL;NO_LOCAL_PROVA
PA;1501402;BELEM;60072;P70540;ENEM - UNIFAMAZ - CENTRO UNIVERSITÁRIO METROPOLITANO DA AMAZÔNIA - QUINTINO BOCAIÚVA
PA;1501402;BELEM;60169;P67082;ENEM - UNAMA ALCINDO CACELA
PA;1501402;BELEM;60094;P70239;ENEM - ESCOLA MADRE ZARIFE SALES
PA;1501402;BELEM;60118;P66265;ENEM - EEEFM PROFESSORA PALMIRA GABRIEL
PA;1501402;BELEM;60116;P70890;ENEM - EEEFM BARÃO DE IGARAPÉ MIRI
PA;1501402;BELEM;60091;P64613;ENEM - EEEF ALDEBARO KLAUTAU
PA;1501402;BELEM;60086;P64571;ENEM - COLÉGIO ADVENTISTA - MARAMBAIA
PA;1501402;BELEM;60115;P57967;ENEM - EEEM MAGALHÃES BARATA
PA;1504422;MARITUBA;60052;P60463;ENEM - EEEM FERNANDO FERRARI
PA;1501402;BELEM;60183;P70317;ENEM - ASLAN - CIDADE VELHA
PA;1504422;MARITUBA;60050;P60494;ENEM - EMEIF SUELY FALCÃO
PA;1501402;BELEM;60103;P70852;ENEM - EEEFM MAESTRO WALDEMAR HENRIQUE
PA;1501402;BELEM;60077;P68017;ENEM - LICEU ESCOLA DE ARTES E OFÍCIOS MESTRE RAIMUNDO CARDOSO
PA;1501402;BELEM;60125;P66682;ENEM - EM PADRE LEANDRO PINHEIRO
PA;1501402;BELEM;60089;P70873;ENEM - UNIVERSIDADE FEDERAL DO PARÁ (UFPA) - CAMPUS BÁSICO
PA;1501402;BELEM;60142;P67404;ENEM - EEEF PEDRO CARNEIRO
PA;1501402;BELEM;60138;P68379;ENEM - EEEFM PROFESSORA PLACÍDIA CARDOSO
PA;1501402;BELEM;60161;P73771;ENEM - EEEFM IZABEL DOS SANTOS DIAS
PA;1501402;BELEM;60173;P70718;ENEM - FACULDADE IDEAL (FACI) - WYDEN
PA;1501402;BELEM;60135;P68171;ENEM - COLÉGIO MODELO PARÁ
PA;1501402;BELEM;60148;P66604;ENEM - EEEFM FREI DANIEL
PA;1500800;ANANINDEUA;60015;P61929;ENEM - COLÉGIO ESTADUAL DE ENSINO MÉDIO PROFª MARIA HELENA VALENTE TAVARES
PA;1501402;BELEM;60087;P70881;ENEM - CEFM SOPHOS - COLÉGIO SOPHOS - PARQUE VERDE
PA;1504422;MARITUBA;60059;P60002;ENEM - EEEM NOSSA SENHORA DO ROSÁRIO
PA;1501402;BELEM;60191;P70313;ENEM - ASLAN - GENTIL
PA;1501402;BELEM;60157;P66249;ENEM - EEEFM PROFESSOR MANOEL LEITE CARNEIRO
PA;1500800;ANANINDEUA;60028;P61960;ENEM - EMEF NELSON PEREIRA DIAS
PA;1500800;ANANINDEUA;60029;P64773;ENEM - UNIVERSIDADE DA AMAZÔNIA UNAMA CAMPUS ANANINDEUA BR
PA;1501402;BELEM;60159;P70638;ENEM - EMEF WALTER LEITE CAMINHA POLO DE EDUCAÇÃO BILÍNGUE DE SURDOS
PA;1504422;MARITUBA;60053;P60628;ENEM - EEEM SANTA TEREZA D AVILA
PA;1500800;ANANINDEUA;60030;P64773;ENEM - UNIVERSIDADE DA AMAZÔNIA UNAMA CAMPUS ANANINDEUA BR
PA;1501402;BELEM;60061;P70729;ENEM - FACULDADE INTEGRADA BRASIL AMAZÔNIA - FIBRA
PA;1501402;BELEM;60080;P70769;ENEM - COLÉGIO GENTIL BITTENCOURT
PA;1501402;BELEM;60084;P70302;ENEM - FACULDADE PARAENSE DE ENSINO - FAPEN (PEDREIRA)
PA;1501402;BELEM;60098;P65760;ENEM - EEEFM DOUTOR JOSÉ MÁRCIO AYRES
PA;1500800;ANANINDEUA;60000;P61260;ENEM - ESMAC - ESCOLA SUPERIOR MADRE CELESTE
PA;1501402;BELEM;60113;P70318;ENEM - COLÉGIO IMPACTO STADIUM
PA;1501402;BELEM;60133;P64867;ENEM - COLÉGIO IMPACTO-UNID. SÃO PEDRO
PA;1501402;BELEM;60158;P68373;ENEM - EEEFM PROFESSOR PORANGA JUCÁ
PA;1501402;BELEM;60127;P64801;ENEM - EEEFM DEODORO DE MENDONÇA
PA;1501402;BELEM;60068;P70248;ENEM - ASLAN - MARCO
PA;1501402;BELEM;60111;P70887;ENEM - EEEFM BENJAMIN CONSTANT
PA;1501402;BELEM;60187;P70190;ENEM - EEEMT COLEGIO INTEGRADO PROFESSOR FRANCISCO DA SILVA NUNES
PA;1500800;ANANINDEUA;60010;P63059;ENEM - EMEF PADRE PIETRO GEROSA
PA;1500800;ANANINDEUA;60043;P63435;ENEM - SISTEMA INTEGRADO DE ENSINO LIMA PINHEIRO
PA;1501402;BELEM;60082;P66702;ENEM - EETEPA VILHENA ALVES
PA;1501402;BELEM;60066;P70778;ENEM - EEEFM ALBANÍZIA DE OLIVEIRA LIMA
PA;1501402;BELEM;60197;P68687;ENEM - COLÉGIO SANTO ANTÔNIO
PA;1500800;ANANINDEUA;60039;P62586;ENEM - EEEFM PROFESSOR JOAQUIM VIANA
PA;1501402;BELEM;60166;P64684;ENEM - SISTEMA INTEGRADO DE EDUCAÇÃO PROFISSIONAL DO PARÁ  (SIEPA)
PA;1501402;BELEM;60074;P66663;ENEM - EEEFM TEODORA BENTES
PA;1501402;BELEM;60190;P67317;ENEM - ESCOLA ADVENTISTA DE ICOARACI
PA;1501402;BELEM;60153;P70934;ENEM - EEEFM MÁRIO BARBOSA
PA;1500800;ANANINDEUA;60026;P61879;ENEM - EEEM WALTER BEZERRA FALCÃO
PA;1500800;ANANINDEUA;60021;P62993;ENEM - EMEF JOÃO PAULO II
PA;1501402;BELEM;60184;P67082;ENEM - UNAMA ALCINDO CACELA
PA;1501402;BELEM;60102;P64855;ENEM - COLÉGIO IMPACTO
PA;1504422;MARITUBA;60056;P60798;ENEM - EMEF PE ROMEU PIRES BORGES
PA;1500800;ANANINDEUA;60005;P63763;ENEM - EMEF MARIA EMÍLIA ANTUNES
PA;1500800;ANANINDEUA;60022;P61427;ENEM - EMEF NOVO TAUARI
PA;1501402;BELEM;60075;P70878;ENEM - E.E.E.F. SANTA MARIA DE BELÉM
PA;1501402;BELEM;60090;P66655;ENEM - COLÉGIO EXATO
PA;1500800;ANANINDEUA;60033;P62227;ENEM - UFPA - CAMPUS UNIVERSITÁRIO DE ANANINDEUA
PA;1501402;BELEM;60145;P64729;ENEM - EEEFM PROFESSORA RUTH DOS SANTOS ALMEIDA
PA;1501402;BELEM;60126;P68614;ENEM - EEEF JOSÉ VERÍSSIMO
PA;1500800;ANANINDEUA;60020;P61478;ENEM - EMEF PADRE GABRIEL BULGARELLE
PA;1500800;ANANINDEUA;60048;P61405;ENEM - EMEF SÃO JUDAS TADEU
PA;1501402;BELEM;60149;P58381;ENEM - EEEF PROFESSORA DONATILA SANTANA LOPES
PA;1501402;BELEM;60101;P64878;ENEM - COLÉGIO IMPACTO AUGUSTO MONTENEGRO
PA;1500800;ANANINDEUA;60042;P62606;ENEM - EMEIF GERALDO MANSO PALMEIRA
PA;1501402;BELEM;60180;P67521;ENEM - MADRE CELESTE - NOVA MARAMBAIA
PA;1501402;BELEM;60121;P70931;ENEM - EEEFM AMILCAR ALVES TUPIASSU
PA;1500800;ANANINDEUA;60049;P62028;ENEM - PHYSICS
PA;1501402;BELEM;60207;P68047;ENEM - EEEFM PROFESSOR ABELARDO LEÃO CONDURU
PA;1501402;BELEM;60067;P66105;ENEM - SISTEMA DE ENSINO ROSANA BASTOS
PA;1501402;BELEM;60123;P67396;ENEM - EETEPA PRESIDENTE TANCREDO DE ALMEIDA NEVES
PA;1500800;ANANINDEUA;60025;P63434;ENEM - UEPA CAMPUS XXII ANANINDEUA
PA;1501402;BELEM;60099;P70171;ENEM - EEEM GOVERNADOR ALEXANDRE ZACHARIAS DE ASSUNÇÃO
PA;1500800;ANANINDEUA;60003;P56130;ENEM - EEEFM LUIZ NUNES DIREITO
PA;1504422;MARITUBA;60058;P60820;ENEM - EMEF DOUTOR RENAUSTO AMANAJÁS
PA;1501402;BELEM;60179;P70736;ENEM - SISTEMA DE ENSINO EQUIPE - GENTIL
PA;1501402;BELEM;60186;P74025;ENEM - COLÉGIO EQUIPE MARCO
PA;1501402;BELEM;60070;P70877;ENEM - COLÉGIO SOPHOS - MARAMBAIA
PA;1501402;BELEM;60168;P65036;ENEM - UNAMA GENTIL
PA;1501402;BELEM;60079;P70653;ENEM - UNIVERSIDADE FEDERAL DO PARÁ (UFPA) -  CAMPUS PROFISSIONAL
PA;1501402;BELEM;60119;P70939;ENEM - UNIVERSIDADE DO ESTADO DO PARA (UEPA) - CCNT
PA;1501402;BELEM;60156;P73774;ENEM - EEEF NOSSA SENHORA DE FATIMA II
PA;1500800;ANANINDEUA;60011;P61110;ENEM - INSTITUTO FEDERAL DE EDUCAÇÃO  CIÊNCIA E TECNOLOGIA  DO PARÁ CAMPUS ANANINDEUA
PA;1501402;BELEM;60147;P64257;ENEM - EEEFM DOM PEDRO II
PA;1501402;BELEM;60132;P70829;ENEM - EEEFM ACÁCIO FELÍCIO SOBRAL
PA;1501402;BELEM;60182;P70828;ENEM - UNIVERSIDADE ESTADUAL DO PARÁ (UEPA) - CCBS CAMPUS II
PA;1501402;BELEM;60093;P67450;ENEM - EEEM RAYMUNDO MARTINS VIANNA
PA;1501402;BELEM;60209;P73523;ENEM - EEEM  PADRE EDUARDO
PA;1500800;ANANINDEUA;60036;P63446;ENEM - ESCOLA ADVENTISTA DO COQUEIRO
PA;1501402;BELEM;60181;P68690;ENEM - COLÉGIO EQUIPE CRISTAL
PA;1500800;ANANINDEUA;60019;P63723;ENEM - EMEF CÂNDIDA SANTOS DE SOUZA
PA;1500800;ANANINDEUA;60041;P61477;ENEM - EMEF JOSÉ MARIA MORAIS E SILVA
PA;1501402;BELEM;60105;P64791;ENEM - COLÉGIO ÔMEGA
PA;1501402;BELEM;60163;P60490;ENEM - EEEFM DOUTOR FREITAS
PA;1500800;ANANINDEUA;60016;P61336;ENEM - EEEFM DOUTOR ANTÔNIO TEIXEIRA GUEIROS
PA;1501402;BELEM;60140;P70873;ENEM - UNIVERSIDADE FEDERAL DO PARÁ (UFPA) - CAMPUS BÁSICO
PA;1500800;ANANINDEUA;60012;P62853;ENEM - EEEFM PROFESSORA CONSUELO COELHO E SOUZA
PA;1501402;BELEM;60193;P74139;ENEM - EEEFM PROF TEMISTOCLES DE ARAUJO
PA;1501402;BELEM;60201;P70647;ENEM - ESCOLA MUNICIPAL PARQUE AMAZÔNIA
PA;1501402;BELEM;60122;P70653;ENEM - UNIVERSIDADE FEDERAL DO PARÁ (UFPA) -  CAMPUS PROFISSIONAL
PA;1501402;BELEM;60171;P70951;ENEM - CENTRO DE SERVIÇOS EDUCACIONAIS DO PARÁ (CESEP)
PA;1501402;BELEM;60064;P70651;ENEM - UFRA - UNIVERSIDADE FEDERAL RURAL DA AMAZÔNIA
PA;1501402;BELEM;60088;P60983;ENEM - ESCOLA PROFESSOR FRANCISCO DAS CHAGAS DE AZEVEDO CACAU
PA;1501402;BELEM;60083;P61041;ENEM - MADRE CELESTE - TAPANÃ
PA;1501402;BELEM;60175;P63382;ENEM - COLÉGIO OLIMPUS
PA;1500800;ANANINDEUA;60037;P61011;ENEM - EEEFM PROFESSORA EROTILDES FROTA AGUIAR
PA;1500800;ANANINDEUA;60038;P62612;ENEM - EEEFM JÚLIA SEFFER
PA;1501402;BELEM;60164;P74136;ENEM - INSTITUTO FELIPE SMALDONF
PA;1501402;BELEM;60069;P68381;ENEM - INSTITUTO ADVENTISTA GRÃO PARÁ
PA;1501402;BELEM;60097;P70653;ENEM - UNIVERSIDADE FEDERAL DO PARÁ (UFPA) -  CAMPUS PROFISSIONAL
PA;1504422;MARITUBA;60054;P68660;ENEM - EMEF CORA TEREZA DA SILVA ROCHA
PA;1501402;BELEM;60109;P63931;ENEM - EEEFM DOUTOR ULYSSES GUIMARÃES
PA;1501402;BELEM;60174;P70662;ENEM - FACULDADE COSMOPOLITA
PA;1501402;BELEM;60172;P70673;ENEM - COLÉGIO IDEAL - MUNDURUCUS (GRUPO EDUCACIONAL IDEAL)
PA;1501402;BELEM;60130;P70653;ENEM - UNIVERSIDADE FEDERAL DO PARÁ (UFPA) -  CAMPUS PROFISSIONAL
PA;1500800;ANANINDEUA;60034;P62603;ENEM - COLÉGIO IDEAL
PA;1501402;BELEM;60211;P68051;ENEM - ESCOLA BOSQUE
PA;1500800;ANANINDEUA;60004;P62587;ENEM - EEEFM JORNALISTA RÔMULO MAIORANA
PA;1501402;BELEM;60194;P70728;ENEM - EMEIF ROTARY
PA;1501402;BELEM;60144;P70768;ENEM - EEEFM BRIGADEIRO FONTENELLE
PA;1501402;BELEM;60151;P70192;ENEM - EEEIF BARÃO DO RIO BRANCO
PA;1501402;BELEM;60185;P68542;ENEM - INSTITUTO DE EDUCAÇÃO INTEGRADA ALBERT EINSTEIN
PA;1501402;BELEM;60071;P70880;ENEM - COLÉGIO ESTADUAL PAES DE CARVALHO
PA;1501402;BELEM;60137;P73338;ENEM - COLÉGIO NOSSA SENHORA DE LOURDES
PA;1501402;BELEM;60178;P67420;ENEM - COLÉGIO IDEAL - AUGUSTO MONTENEGRO
PA;1501402;BELEM;60136;P67127;ENEM - EEEFM MARIA ANTONIETA SERRA FREIRE
PA;1500800;ANANINDEUA;60047;P61479;ENEM - EMEF CLÓVIS BEGOT
PA;1504422;MARITUBA;60057;P60410;ENEM - EMEF JOÃO MILTON DANTAS
PA;1501402;BELEM;60134;P70372;ENEM - E.M. NESTOR NONATO LIMA
PA;1501402;BELEM;60128;P66242;ENEM - EMEIF MARIA MADALENA CORRÊA RAAD
PA;1501402;BELEM;60192;P70832;ENEM - COLÉGIO PHYSICS MARCO
PA;1501402;BELEM;60081;P64227;ENEM - EEET DO PARÁ PROFESSOR ANÍSIO TEIXEIRA
PA;1500800;ANANINDEUA;60001;P61260;ENEM - ESMAC - ESCOLA SUPERIOR MADRE CELESTE
PA;1501402;BELEM;60213;P68746;ENEM - EEEF GENY GABRIEL AMARAL
PA;1501402;BELEM;60162;P70543;ENEM - E. M. E. F. PROFESSOR ALFREDO CHAVES
PA;1501402;BELEM;60167;P67082;ENEM - UNAMA ALCINDO CACELA
PA;1501402;BELEM;60076;P66334;ENEM - EEFM DONA HELENA GUILHON
PA;1501402;BELEM;60146;P73749;ENEM - CONSELHO ESCOLAR DA UNIDADE DE ENSINO ESPECIALIZADO PROF. ASTERIO DE CAMPOS
PA;1501402;BELEM;60060;P68446;ENEM - ESTÁCIO - (ANTIGA IESAM)
PA;1501402;BELEM;60198;P63928;ENEM - PHYSICS AUGUSTO MONTENEGRO
PA;1500800;ANANINDEUA;60014;P61260;ENEM - ESMAC - ESCOLA SUPERIOR MADRE CELESTE
PA;1501402;BELEM;60195;P63949;ENEM - COLÉGIO PREMIUM
PA;1501402;BELEM;60107;P64164;ENEM - UNIVERSIDADE DO ESTADO DO PARÁ (UEPA) - CENTRO DE CIÊNCIAS SOCIAIS E EDUCAÇÃO (CCSE)
PA;1501402;BELEM;60095;P70233;ENEM - EEEF ALMIRANTE RENATO GUILLOBEL
PA;1500800;ANANINDEUA;60023;P58138;ENEM - EEEFM PROFESSOR MANOEL SATURNINO DE ANDRADE FAVACHO
PA;1500800;ANANINDEUA;60040;P62585;ENEM - COLEGIO N.SRA DA ANUNCIAÇÃO
PA;1501402;BELEM;60120;P70681;ENEM - EEEFM PROFESSOR CAMILO SALGADO
PA;1500800;ANANINDEUA;60044;P61481;ENEM - ESCOLA E.E.F.JOÃO XXIII
PA;1500800;ANANINDEUA;60024;P61414;ENEM - EEEFM - MADRE CELESTE
PA;1504422;MARITUBA;60051;P60850;ENEM - EEEM EDUARDO LAUANDE
PA;1500800;ANANINDEUA;60031;P64773;ENEM - UNIVERSIDADE DA AMAZÔNIA UNAMA CAMPUS ANANINDEUA BR
PA;1501402;BELEM;60062;P70535;ENEM - UNIFAMAZ - CENTRO UNIVERSITÁRIO METROPOLITANO DA AMAZÔNIA - SOUZA FRANCO
PA;1501402;BELEM;60104;P70653;ENEM - UNIVERSIDADE FEDERAL DO PARÁ (UFPA) -  CAMPUS PROFISSIONAL
PA;1500800;ANANINDEUA;60018;P61365;ENEM - EEEFM REGINA COELI SOUZA SILVA
PA;1501402;BELEM;60155;P70859;ENEM - EEEF PAULO MARANHÃO
PA;1501402;BELEM;60085;P64170;ENEM - EEEFM PROFESSOR JOSÉ ALVES MAIA
PA;1501402;BELEM;60170;P67082;ENEM - UNAMA ALCINDO CACELA
PA;1501402;BELEM;60078;P68013;ENEM - E. E. E. F. ALMIRANTE TAMANDARÉ
PA;1500800;ANANINDEUA;60006;P59200;ENEM - EEEM ANTÔNIO GONDIM LINS
PA;1501402;BELEM;60177;P70312;ENEM - ASLAN - PARQUE VERDE
PA;1500800;ANANINDEUA;60002;P59166;ENEM - ESTÁCIO - ANANINDEUA
PA;1501402;BELEM;60065;P70910;ENEM - EEEFM AVERTANO ROCHA
PA;1501402;BELEM;60096;P66693;ENEM - COLÉGIO PAULISTA
PA;1500800;ANANINDEUA;60007;P62596;ENEM - EEEFM PROFESSORA ONEIDE DE SOUZA TAVARES
PA;1500800;ANANINDEUA;60013;P61489;ENEM - EEEFM RAIMUNDO VERA CRUZ
PA;1501402;BELEM;60196;P62954;ENEM - PHYSICS UMARIZAL
PA;1501402;BELEM;60124;P70201;ENEM - ESCOLA PRECIOSINA DE BELÉM
PA;1501402;BELEM;60141;P66948;ENEM - ESCOLA TÉCNICA ESTADUAL MAGALHÃES BARATA - ETEMB
PA;1501402;BELEM;60106;P70644;ENEM - EEEFM PRESIDENTE COSTA E SILVA
PA;1501402;BELEM;60143;P70873;ENEM - UNIVERSIDADE FEDERAL DO PARÁ (UFPA) - CAMPUS BÁSICO
PA;1501402;BELEM;60150;P70661;ENEM - EEEFM DOM PEDRO I
PA;1501402;BELEM;60154;P68663;ENEM - E. E. E. M. AUGUSTO MEIRA
PA;1501402;BELEM;60200;P64697;ENEM - FIAMA FACULDADE INTERCULTURAL DA AMAZÔNIA
PA;1501402;BELEM;60131;P60348;ENEM - AXIOMA COLEGIO E PRE VESTIBULAR
PA;1501402;BELEM;60203;P68688;ENEM - SIEPA
PA;1501402;BELEM;60112;P66642;ENEM - INSTITUTO DE EDUCAÇÃO ESTADUAL DO PARÁ - IEEP
PA;1501402;BELEM;60188;P63896;ENEM - PHYSICS - CONSELHEIRO FURTADO
PA;1501402;BELEM;60117;P70195;ENEM - EEEFM LAURO SODRÉ
PA;1501402;BELEM;60189;P70755;ENEM - COLÉGIO SANTA MADRE
PA;1500800;ANANINDEUA;60214;P61493;ENEM - EEEFM DOM ALBERTO GAUDÊNCIO RAMOS
PA;1501402;BELEM;60212;P73750;ENEM - EEEFM - BRASILIA
PA;1501402;BELEM;60204;P63965;ENEM - PHYSICS ALCINDO CACELA
PA;1501402;BELEM;60139;P67112;ENEM - EEEFM DONA ALZIRA TEIXEIRA DE SOUZA
PA;1501402;BELEM;60210;P67335;ENEM - EEEFM DO OUTEIRO
PA;1500800;ANANINDEUA;60027;P61793;ENEM - EEEF DEP. ARMANDO CORRÊA
PA;1501402;BELEM;60114;P70309;ENEM - CENTRO EDUCACIONAL IKETANI E LIBONATI
PA;1501402;BELEM;60063;P70542;ENEM - INSTITUTO FEDERAL DE EDUCAÇÃO CIÊNCIA E TECNOLOGIA DO PARÁ - IFPA
PA;1501402;BELEM;60199;P63820;ENEM - PHYSICS - SERZEDELO CORRÊA
PA;1501402;BELEM;60073;P70888;ENEM - UNIÃO AMAZÔNIDA DE EDUCAÇÃO E ASSISTÊNCIA - UNAMEA
PA;1501402;BELEM;60092;P70873;ENEM - UNIVERSIDADE FEDERAL DO PARÁ (UFPA) - CAMPUS BÁSICO
PA;1501402;BELEM;60176;P67093;ENEM - COLÉGIO CEI
PA;1500800;ANANINDEUA;60008;P62330;ENEM - COLÉGIO INTELECTUAL BILÍNGUE
PA;1501402;BELEM;60110;P74031;ENEM - EEEM VISCONDE DE SOUZA FRANCO
PA;1501402;BELEM;60205;P66349;ENEM - EEEFM HONORATO FILGUEIRAS
PA;1500800;ANANINDEUA;60045;P63442;ENEM - EEEFM JADERLÂNDIA
PA;1501402;BELEM;60202;P70259;ENEM - ASLAN - UMARIZAL
PA;1501402;BELEM;60108;P64652;ENEM - EEEFM CORONEL SARMENTO
PA;1501402;BELEM;60206;P70773;ENEM - EMEIEF PROF. ANNA BARREAU MENINEIA
PA;1501402;BELEM;60129;P64831;ENEM - E. E. E. I. F. PINTO MARQUES
PA;1501402;BELEM;60152;P73339;ENEM - EMEF PROFESSOR FRANCISCO DA SILVA NUNES
PA;1501402;BELEM;60100;P64552;ENEM - EEEM JORGE LOPES RAPOSO
PA;1501402;BELEM;60208;P66344;ENEM - E M E F PROFESSORA DONATILA SANTANA LOPES
PA;1501402;BELEM;60165;P70831;ENEM - ESCOLA MUNICIPAL DE ENSINO INFANTIL E FUNDAMENTAL PROFESSOR PAULO FREIRE
PA;1500800;ANANINDEUA;60035;P59794;ENEM - EEEFM INSTITUTO BOM PASTOR
PA;1504422;MARITUBA;60055;P60644;ENEM - EEEM PROFESSOR JOSÉ EDMUNDO DE QUEIROZ
PA;1500800;ANANINDEUA;60017;P61832;ENEM - EEEFM PROFESSORA ZULIMA VERGOLINO DIAS
PA;1500800;ANANINDEUA;60046;P62599;ENEM - EMEF DOUTOR BENEDITO MAIA
PA;1500800;ANANINDEUA;60032;P63438;ENEM - COLÉGIO SISTEMA
PA;1501402;BELEM;60160;P70947;ENEM - EEEFM GENERAL GURJÃO
BA;2913606;ILHEUS;20029;F15662;CPNU - UNIVERSIDADE ESTADUAL DE SANTA CRUZ - UESC
RJ;3303302;NITEROI;20222;F15663;CPNU - COLÉGIO ESTADUAL HILÁRIO RIBEIRO
SP;3556206;VALINHOS;20319;F15664;CPNU - EMEB PADRE  LEOPOLDO PETRUS VAN LIEMPT
PA;1500800;ANANINDEUA;20155;F15665;CPNU - E.E.E.F,M  JOÃO CARLOS BATISTA
PE;2611101;PETROLINA;20186;F15666;CPNU - EREFEM PROFESSOR MANOEL XAVIER PAES BARRETO
BA;2910800;FEIRA DE SANTANA;20025;F15667;CPNU - COLÉGIO MODELO LUIS EDUARDO MAGALHÃES -TEMPO INTEGRAL
BA;2913606;ILHEUS;20027;F15668;CPNU - UNIVERSIDADE ESTADUAL DE SANTA CRUZ - UESC
RJ;3304557;RIO DE JANEIRO;20234;F15669;CPNU - CIEP 433 TOGO RENAN SOARES KANELA
GO;5200258;AGUAS LINDAS DE GOIAS;20079;F15670;CPNU - ESCOLA MUNICIPAL DARCI RIBEIRO
GO;5205109;CATALAO;20081;F15671;CPNU - COLÉGIO ESTADUAL DONA IAYÁ
PA;1505304;ORIXIMINA;20167;F15672;CPNU - ESCOLA MUNICIPAL DE ENSINO FUNDAMENTAL PROFESSORA ADELIA FIGUEIRA
RN;2402006;CAICO;20242;F15673;CPNU - ESCOLA ESTADUAL PROFESSOR ANTÔNIO  ALADIM DE ARAÚJO
AL;2704302;MACEIO;20005;F15674;CPNU - EE PROF THEOTONIO VILELA BRANDAO
RO;1100122;JI-PARANA;20251;F15675;CPNU - ESCOLA ESTADUAL ENSINO FUNDAMENTAL E MÉDIO ALUIZIO FERREIRA
MA;2105302;IMPERATRIZ;20106;F15676;CPNU - CENTRO DE ENSINO PROFESSOR EDINAN MORAES
PR;4106902;CURITIBA;20206;F15677;CPNU - UNISANTACRUZ
PE;2607901;JABOATAO DOS GUARARAPES;20184;F15678;CPNU - ESCOLA ESTADUAL FILIPE CAMARÃO
PE;2613909;SERRA TALHADA;20193;F15679;CPNU - ESCOLA DE REFERENCIA EM ENSINO MEDIO SOLIDONIO LEITE
BA;2927408;SALVADOR;20040;F15680;CPNU - ESCOLA ESTADUAL SEVERINO VIEIRA
RS;4314100;PASSO FUNDO;20261;F15681;CPNU - ESCOLA ESTADUAL DE ENSINO MÉDIO ANNA LUISA FERRÃO TEIXEIRA
RS;4316808;SANTA CRUZ DO SUL;20267;F15682;CPNU - ESCOLA ESTADUAL DE ENSINO MÉDIO NOSSA SENHORA DO ROSÁRIO
RO;1100023;ARIQUEMES;20250;F15683;CPNU - EEEMTI HEITOR VILLA-LOBOS
PR;4115200;MARINGA;20210;F15684;CPNU - INSTITUTO DE EDUCAÇÃO ESTADUAL DE MARINGÁ
SP;3519071;HORTOLANDIA;20293;F15685;CPNU - EE PROFª HEDY MADALENA BOCCHI
SP;3548708;SAO BERNARDO DO CAMPO;20310;F15686;CPNU - FACULDADE ANHANGUERA - CAMPUS ATLÂNTICA SBC
AM;1301209;COARI;20007;F15687;CPNU - NÚCLEO DE ENSINO SUPERIOR DE COARI
PA;1505536;PARAUAPEBAS;20168;F15688;CPNU - E.M.E.F. CECÍLIA MEIRELES
RN;2403251;PARNAMIRIM;20249;F15689;CPNU - CENTRO ESTADUAL DE EDUCAÇÃO PROFISSIONAL PROFª LOURDINHA GUERRA
RJ;3300704;CABO FRIO;20217;F15690;CPNU - E M PROFESSORA TALITA HERNANDES PERELLÓ
BA;2904605;BRUMADO;20022;F15691;CPNU - E.M.T.I. SANTA RITA DE CASSIA
RJ;3303906;PETROPOLIS;20226;F15692;CPNU - UNIVERSIDADE ESTÁCIO DE SÁ - CAMPUS PETRÓPOLIS
SP;3548807;SAO CAETANO DO SUL;20313;F15693;CPNU - EE ALFREDO BURKART
MG;3118601;CONTAGEM;20120;F15694;CPNU - ESCOLA ESTADUAL HELENA GUERRA
MA;2101202;BACABAL;20101;F15695;CPNU - CE PROFESSOR JUAREZ GOMES
CE;2303709;CAUCAIA;20047;F15696;CPNU - COLÉGIO ESTADUAL LICEU DE CAUCAIA
RN;2403251;PARNAMIRIM;20248;F15697;CPNU - ESCOLA ESTADUAL PROF ELIAH MAIA DO REGO
SC;4216602;SAO JOSE;20281;F15698;CPNU - EEB ALDO CAMARA DA SILVA
AM;1304062;TABATINGA;20015;F15699;CPNU - ESCOLA ESTADUAL MARECHAL RONDON
MA;2103000;CAXIAS;20103;F15700;CPNU - UNIFACEMA GRUPO EDUCAR
MT;5107958;TANGARA DA SERRA;20151;F15701;CPNU - E.E. 13 DE MAIO
PA;1506138;REDENCAO;20170;F15702;CPNU - EEEM PROFESSORA DEUZUITA PEREIRA DE QUEIROZ
MG;3135209;JANUARIA;20128;F15703;CPNU - ESCOLA ESTADUAL OLEGÁRIO MACIEL
GO;5217609;PLANALTINA;20096;F15704;CPNU - COLÉGIO ESTADUAL SETE LESTE
RS;4322400;URUGUAIANA;20268;F15705;CPNU - ESCOLA ESTADUAL DE ENSINO MÉDIO URUGUAIANA
AC;1200203;CRUZEIRO DO SUL;20001;F15706;CPNU - ESCOLA ESTADUAL DE ENSINO MÉDIO PROFESSOR FLODOARDO CABRAL
RS;4307906;FARROUPILHA;20260;F15707;CPNU - COLÉGIO ESTADUAL FARROUPILHA
GO;5215231;NOVO GAMA;20095;F15708;CPNU - COLÉGIO ESTADUAL NOVO GAMA
CE;2307304;JUAZEIRO DO NORTE;20053;F15709;CPNU - EEEP PROF.MOREIRA DE SOUSA
BA;2910727;EUNAPOLIS;20024;F15710;CPNU - COMPLEXO INTEGRADO DE EDUCAÇÃO BÁSICA, PROFISSIONAL E TECNOLÓGICO DE EUNÁPOLIS
MG;3121605;DIAMANTINA;20122;F15711;CPNU - ESCOLA ESTADUAL MATTA MACHADO
RJ;3301009;CAMPOS DOS GOYTACAZES;20219;F15712;CPNU - C. E. DR. THIERS CARDOSO
RJ;3304904;SAO GONCALO;20238;F15713;CPNU - CE PROFA ANTONIETA PALMEIRA
PR;4119905;PONTA GROSSA;20212;F15714;CPNU - INSTITUTO DE EDUCAÇÃO ESTADUAL PROF. CESAR PRIETO MARTINEZ
PE;2611606;RECIFE;20192;F15715;CPNU - COLÉGIO AUXILIADORA
GO;5208707;GOIANIA;20086;F15716;CPNU - COLÉGIO ESTADUAL JARDIM AMÉRICA
DF;5300108;BRASILIA;20058;F15717;CPNU - UNIP
GO;5208707;GOIANIA;20088;F15718;CPNU - COLÉGIO ESTADUAL OLAVO BILAC
DF;5300108;BRASILIA;20060;F15719;CPNU - UNIP
DF;5300108;BRASILIA;20072;F15720;CPNU - CENTRO UNIVERSITÁRIO CEUB - TAGUATINGA
DF;5300108;BRASILIA;20059;F15721;CPNU - UNIP
MS;5002704;CAMPO GRANDE;20141;F15722;CPNU - UNIVERSIDADE CATÓLICA DOM BOSCO - CAMPUS II
DF;5300108;BRASILIA;20066;F15723;CPNU - CEUB
PA;1500800;ANANINDEUA;20156;F15724;CPNU - EMEF   ANTONIO TEIXEIRA GUEIROS
RJ;3304557;RIO DE JANEIRO;20229;F15725;CPNU - INSTITUTO DE EDUCAÇÃO CARMELA DUTRA
RS;4314407;PELOTAS;20262;F15726;CPNU - COLÉGIO ESTADUAL DOM JOÃO BRAGA
GO;5208004;FORMOSA;20084;F15727;CPNU - COLÉGIO ESTADUAL DOUTOR JOSÉ BALDUINO DE SOUZA DECIO
DF;5300108;BRASILIA;20061;F15728;CPNU - UNIP
MT;5107909;SINOP;20150;F15729;CPNU - ESCOLA ESTADUAL PROFESSOR EDELI MANTOVANI
ES;3201209;CACHOEIRO DE ITAPEMIRIM;20073;F15730;CPNU - CEEMTI LICEU MUNIZ FREIRE
SC;4209300;LAGES;20279;F15731;CPNU - CENTRO AGROVETERINARIO CAV UDESC LAGES
RJ;3304904;SAO GONCALO;20237;F15732;CPNU - CE SANTOS DIAS
PA;1503606;ITAITUBA;20164;F15733;CPNU - EEEM BENEDITO CORRÊA DE SOUZA
RN;2408102;NATAL;20247;F15734;CPNU - E. E. BERILO WANDERLEY
PB;2507507;JOAO PESSOA;20177;F15735;CPNU - ESCOLA TÉCNICA ESTADUAL ARTE TECNOLÓGICA E ECONOMIA CRIATIVA JUCA PONTES
BA;2927408;SALVADOR;20042;F15736;CPNU - COLEGIO ESTADUAL LUIS VIANA
GO;5218805;RIO VERDE;20098;F15737;CPNU - COLÉGIO ESTADUAL MILTES FURQUIM DE OLIVEIRA
SP;3506003;BAURU;20288;F15738;CPNU - ASSOCIAÇÃO RANIERI DE EDUCAÇÃO E CULTURA LTDA
MA;2111300;SAO LUIS;20110;F15739;CPNU - UNICEUMA - CAMPUS RENASCENCA
SC;4202404;BLUMENAU;20269;F15740;CPNU - CEDUP HERMANN HERING
SP;3549904;SAO JOSE DOS CAMPOS;20311;F15741;CPNU - EE PROF.  JOAQUIM ANDRADE MEIRELLES
PA;1501402;BELEM;20159;F15742;CPNU - EEEFM PAULINO DE BRITO
RJ;3303500;NOVA IGUACU;20224;F15743;CPNU - COLÉGIO ESTADUAL VICENTINA GOULART
RJ;3306305;VOLTA REDONDA;20241;F15744;CPNU - COLÉGIO ESTADUAL RIO DE JANEIRO
DF;5300108;BRASILIA;20063;F15745;CPNU - CEUB
SC;4204608;CRICIUMA;20273;F15746;CPNU - UNESC - UNIVERSIDADE DO EXTREMO SUL CATARINENSE
BA;2914604;IRECE;20032;F15747;CPNU - COLEGIO ESTADUAL LUIZ VIANA FILHO
MG;3106200;BELO HORIZONTE;20117;F15748;CPNU - NEWTON PAIVA WYDEN - UNIDADE SILVA LOBO
RS;4314902;PORTO ALEGRE;20263;F15749;CPNU - ESCOLA TÉCNICA ESTADUAL PAROBÉ
CE;2304400;FORTALEZA;20050;F15750;CPNU - CENTRO UNIVERSITÁRIO FAMETRO - CAMPUS CARNEIRO DA CUNHA
MG;3104007;ARAXA;20114;F15751;CPNU - ESCOLA ESTADUAL ARMANDO SANTOS
MA;2111300;SAO LUIS;20112;F15752;CPNU - UNICEUMA - CAMPUS RENASCENCA
RJ;3303302;NITEROI;20223;F15753;CPNU - COLÉGIO ESTADUAL MANUEL DE ABREU
GO;5219753;SANTO ANTONIO DO DESCOBERTO;20099;F15754;CPNU - CENTRO DE ENSINO EM PERÍODO INTEGRAL PARQUE ESTRELA DALVA  XIII
GO;5213103;MINEIROS;20094;F15755;CPNU - COLÉGIO ESTADUAL DEPUTADO JOSÉ ALVES DE ASSIS
SP;3550308;SAO PAULO;20314;F15756;CPNU - CENTRO UNIVERSITÁRIO UNITALO
AC;1200401;RIO BRANCO;20002;F15757;CPNU - COLÉGIO ESTADUAL BARÃO DO RIO BRANCO- CERB
PA;1500602;ALTAMIRA;20153;F15758;CPNU - EEEM POLIVALENTE DE ALTAMIRA
PA;1501402;BELEM;20158;F15759;CPNU - ROSANA BASTOS - PEDREIRA
AM;1304203;TEFE;20016;F15760;CPNU - ESCOLA ESTADUAL MADRE MARIA DAS MERCÊS
PR;4113700;LONDRINA;20209;F15761;CPNU - IEEL - INSTITUTO DE EDUCAÇÃO ESTADUAL DE LONDRINA
RS;4316907;SANTA MARIA;20266;F15762;CPNU - ESCOLA BÁSICA ESTADUAL ERICO VERÍSSIMO
AM;1302603;MANAUS;20011;F15763;CPNU - UNIVERSIDADE NILTON LINS - JAPIIM
CE;2304103;CRATEUS;20048;F15764;CPNU - EEMTI LIONS CLUB
BA;2913606;ILHEUS;20031;F15765;CPNU - UNIVERSIDADE ESTADUAL DE SANTA CRUZ - UESC
MT;5108402;VARZEA GRANDE;20152;F15766;CPNU - ESCOLA ESTADUAL PROFESSORA ADALGISA DE BARROS
PA;1504208;MARABA;20165;F15767;CPNU - EMEF JOSE MENDONCA VERGOLINO
BA;2931350;TEIXEIRA DE FREITAS;20045;F15768;CPNU - UNIVERSIDADE FEDERAL DO SUL DA BAHIA - UFSB
PA;1508100;TUCURUI;20174;F15769;CPNU - EEEM  DEP RAIMUNDO RIBEIRO DE SOUZA
MG;3106200;BELO HORIZONTE;20116;F15770;CPNU - ESCOLA ESTADUAL GOVERNADOR MILTON CAMPOS
SP;3506003;BAURU;20287;F15771;CPNU - ASSOCIAÇÃO RANIERI DE EDUCAÇÃO E CULTURA LTDA
PI;2203909;FLORIANO;20196;F15772;CPNU - CETI FAUZER BUCAR
PI;2211001;TERESINA;20201;F15773;CPNU - CETI JOÃO MENDES OLIMPIO DE MELO - PREMEN NORTE
PE;2606002;GARANHUNS;20183;F15774;CPNU - ESCOLA ESTADUAL SENADOR ADERBAL JUREMA
BA;2919207;LAURO DE FREITAS;20036;F15775;CPNU - ESCOLA MUNICIPAL DO LOTEAMENTO SANTA JÚLIA
SC;4209300;LAGES;20280;F15776;CPNU - CENTRO AGROVETERINARIO CAV UDESC LAGES
BA;2924009;PAULO AFONSO;20037;F15777;CPNU - COLEGIO ESTADUAL CARLINA BARBOSA DE DEUS
SP;3502804;ARACATUBA;20286;F15778;CPNU - SOCIEDADE DE ENSINO SUPERIOR TOLEDO LTDA.
GO;5210208;IPORA;20091;F15779;CPNU - INSTITUTO FEDERAL GOIANO - CAMPUS IPORÁ
PR;4109401;GUARAPUAVA;20208;F15780;CPNU - COLÉGIO ESTADUAL ANA VANDA BASSARA
MT;5100250;ALTA FLORESTA;20145;F15781;CPNU - ESCOLA ESTADUAL PROFESSORA MARINES FÁTIMA DE SÁ TEIXEIRA
PB;2507507;JOAO PESSOA;20179;F15782;CPNU - EEEF PROFESSORA ARGENTINA PEREIRA GOMES
PR;4125506;SAO JOSE DOS PINHAIS;20213;F15783;CPNU - UNI SENAI PR
RJ;3303500;NOVA IGUACU;20225;F15784;CPNU - COLÉGIO ESTADUAL ARRUDA NEGREIROS
BA;2913606;ILHEUS;20030;F15785;CPNU - UNIVERSIDADE ESTADUAL DE SANTA CRUZ - UESC
MG;3147006;PARACATU;20134;F15786;CPNU - ESCOLA ESTADUAL DOM SERAFIM GOMES JARDIM
MG;3148004;PATOS DE MINAS;20136;F15787;CPNU - ESCOLA ESTADUAL CÔNEGO GETÚLIO
SP;3506003;BAURU;20289;F15788;CPNU - ASSOCIAÇÃO RANIERI DE EDUCAÇÃO E CULTURA LTDA
SP;3522406;ITAPEVA;20294;F15789;CPNU - FAIT
SC;4204202;CHAPECO;20272;F15790;CPNU - EEB BOM PASTOR
MG;3143906;MURIAE;20133;F15791;CPNU - ESCOLA ESTADUAL DESEMBARGADOR CANÊDO
SP;3549805;SAO JOSE DO RIO PRETO;20308;F15792;CPNU - ESCOLA SEB
MS;5003702;DOURADOS;20143;F15793;CPNU - UNIGRAN EDUCACIONAL
MT;5103403;CUIABA;20148;F15794;CPNU - FACULDADE INVEST
PI;2201903;BOM JESUS;20194;F15795;CPNU - UNIDADE ESCOLAR JOSÉ LUSTOSA ELVAS FILHO
PR;4106902;CURITIBA;20205;F15796;CPNU - UNISANTACRUZ
RJ;3304557;RIO DE JANEIRO;20233;F15797;CPNU - COLÉGIO ESTADUAL BRIGADEIRO SCHORCHT
AP;1600303;MACAPA;20018;F15798;CPNU - ESCOLA ESTADUAL TIRADENTES
BA;2903201;BARREIRAS;20020;F15799;CPNU - UFOB - UNIVERSIDADE FEDERAL DO OESTE DA BAHIA
RJ;3305109;SAO JOAO DE MERITI;20239;F15800;CPNU - COLEGIO ESTADUAL PROFESSOR MURILO BRAGA
DF;5300108;BRASILIA;20071;F15801;CPNU - CENTRO UNIVERSITÁRIO CEUB - TAGUATINGA
PR;4128104;UMUARAMA;20215;F15802;CPNU - COLEGIO ESTADUAL PADRE  MANUEL DA NOBREGA
PE;2611606;RECIFE;20190;F15803;CPNU - EREM ALBERTO TORRES
BA;2927408;SALVADOR;20044;F15804;CPNU - COLÉGIO ESTADUAL PROFESSOR RÔMULO ALMEIDA
MG;3168606;TEOFILO OTONI;20138;F15805;CPNU - ESCOLA ESTADUAL CLOTILDE ONOFRI DE CAMPOS
GO;5201405;APARECIDA DE GOIANIA;20080;F15806;CPNU - COLÉGIO ESTADUAL SANTA FÉ
SP;3550308;SAO PAULO;20315;F15807;CPNU - CENTRO UNIVERSITÁRIO UNITALO
GO;5208707;GOIANIA;20085;F15808;CPNU - COLÉGIO ESTADUAL JARDIM AMÉRICA
MG;3131307;IPATINGA;20125;F15809;CPNU - E.M MARCIO ANDRADE GUERRA
MG;3138203;LAVRAS;20131;F15810;CPNU - ESCOLA ESTADUAL CINIRA  CARVALHO
RJ;3301702;DUQUE DE CAXIAS;20220;F15811;CPNU - E.M. PROFª OLGA TEIXEIRA DE OLIVEIRA
AM;1302702;MANICORE;20012;F15812;CPNU - ESCOLA ESTADUAL MARIA SÁ MOTA
PA;1500800;ANANINDEUA;20154;F15813;CPNU - EEEFM MINISTRO ALCIDES CARNEIRO
PA;1507300;SAO FELIX DO XINGU;20173;F15814;CPNU - ESCOLA ESTADUAL DE ENSINO MÉDIO CARMINA GOMES
SE;2800308;ARACAJU;20283;F15815;CPNU - CENTRO DE EXCELENCIA PROFESSOR PAULO FREIRE
MG;3106200;BELO HORIZONTE;20118;F15816;CPNU - NEWTON PAIVA WYDEN
RO;1100205;PORTO VELHO;20252;F15817;CPNU - ESCOLA MUNICIPAL DE ENSINO FUNDAMENTAL MARIA IZAURA DA COSTA CRUZ
RR;1400472;RORAINOPOLIS;20257;F15818;CPNU - UNIVERSIDADE ESTADUAL DE RORAIMA - CAMPUS RORAINOPOLIS
ES;3205002;SERRA;20076;F15819;CPNU - E E E F M R O M U L O CAST E L O
PR;4118204;PARANAGUA;20211;F15820;CPNU - CE PROFª MARIA DE LOURDES RODRIGUES MOROZOWSKI
MG;3120904;CURVELO;20121;F15821;CPNU - ESCOLA ESTADUAL BOLIVAR DE FREITAS
RO;1100205;PORTO VELHO;20253;F15822;CPNU - EEEMTI BRASILIA
PA;1506708;SANTANA DO ARAGUAIA;20171;F15823;CPNU - EMEF THEREZINHA ABREU VITA
BA;2914703;ITABERABA;20033;F15824;CPNU - CETEP PIEMONTE DO PARAGUAÇU 1
GO;5208707;GOIANIA;20087;F15825;CPNU - CEPI NOVO HORIZONTE
MA;2105302;IMPERATRIZ;20105;F15826;CPNU - ESCOLA MUNICIPAL TOCANTINS
SC;4205407;FLORIANOPOLIS;20276;F15827;CPNU - EEB ROSINHA CAMPOS
RJ;3304557;RIO DE JANEIRO;20232;F15828;CPNU - ESCOLA MUNICIPAL ROTARY
ES;3201506;COLATINA;20074;F15829;CPNU - EEEFM HONORIO FRAGA
BA;2918001;JEQUIE;20035;F15830;CPNU - CIEB COMP INT DE EDUC BÁSICA PROFISSIONAL E TEC DE JEQUIÉ
SP;3543402;RIBEIRAO PRETO;20304;F15831;CPNU - SEB COC RIBEIRANIA
PA;1505502;PARAGOMINAS;20169;F15832;CPNU - EMEF BELARMINA FERNANDES
TO;1721000;PALMAS;20323;F15833;CPNU - ESCOLA ESTADUAL FREDERICO JOSE PEDREIRA NETO
PI;2211001;TERESINA;20202;F15834;CPNU - CETI CRISTINO CASTELO BRANCO
BA;2911709;GUANAMBI;20026;F15835;CPNU - UNEB - UNIVERSIDADE DO ESTADO DA BAHIA - CAMPUS XII
MG;3170107;UBERABA;20139;F15836;CPNU - ESCOLA ESTADUAL SANTA TEREZINHA
RJ;3303302;NITEROI;20221;F15837;CPNU - COLÉGIO ESTADUAL RAUL VIDAL
SP;3556701;VINHEDO;20320;F15838;CPNU - CEPROVI -ASSOCIAÇÃO COMUNITÁRIA VINHEDENSE DE EDUCAÇÃO E CULTURA
MA;2109908;SANTA INES;20109;F15839;CPNU - ESCOLA MUNICIPAL PROF JOAO ALIPIO
PE;2604106;CARUARU;20182;F15840;CPNU - ESCOLA MUNICIPAL PROFESSOR KERMOGENES DIAS DE ARAUJO
SP;3502804;ARACATUBA;20285;F15841;CPNU - SOCIEDADE DE ENSINO SUPERIOR TOLEDO LTDA.
PB;2507507;JOAO PESSOA;20178;F15842;CPNU - ECIT MARIA DO CARMO DE MIRANDA
SP;3549904;SAO JOSE DOS CAMPOS;20312;F15843;CPNU - EE PROFESSOR JOSÉ VIEIRA MACEDO
GO;5218003;PORANGATU;20097;F15844;CPNU - COLÉGIO ESTADUAL STELLANIS KOPANAKIS PACHECO
DF;5300108;BRASILIA;20070;F15845;CPNU - CEUB
ES;3204906;SAO MATEUS;20075;F15846;CPNU - MULTIVIX
RJ;3304557;RIO DE JANEIRO;20236;F15847;CPNU - CIEP 225 MÁRIO QUINTANA
SP;3509502;CAMPINAS;20291;F15848;CPNU - UNIVERSIDADE SÃO FRANCISCO - USF CAMPUS SWIFT
TO;1721000;PALMAS;20324;F15849;CPNU - CENTRO DE ENSINO MEDIO TIRADENTES
PI;2210607;SAO RAIMUNDO NONATO;20199;F15850;CPNU - UNIDADE ESCOLAR EDITH NOBRE DE CASTRO
DF;5300108;BRASILIA;20065;F15851;CPNU - CEUB
PE;2611606;RECIFE;20189;F15852;CPNU - ESCOLA DE REFERÊNCIA EM ENSINO MÉDIO OLINTO VICTOR
SP;3552809;TABOAO DA SERRA;20318;F15853;CPNU - EE DEPUTADO HEITOR CAVALCANTI ALENCAR FURTADO
PI;2211001;TERESINA;20200;F15854;CPNU - CETI BENJAMIN BAPTISTA
AL;2704302;MACEIO;20006;F15855;CPNU - EE PROF JOSE DA SILVEIRA CAMERINO
SC;4205407;FLORIANOPOLIS;20277;F15856;CPNU - E.E.B. PROF. ANIBAL NUNES PIRES
PI;2202901;CORRENTE;20195;F15857;CPNU - ESCOLA MUNICIPAL EUZA MASCARENHAS
BA;2933307;VITORIA DA CONQUISTA;20046;F15858;CPNU - COLÉGIO ESTADUAL PROFESSORA HELEUSA FIGUEIRA CÂMARA TEMPO INTEGRAL
SP;3529401;MAUA;20297;F15859;CPNU - ASSOCIAÇÃO COLÉGIO BARÃO DE MAUÁ
RS;4314902;PORTO ALEGRE;20264;F15860;CPNU - ESCOLA TÉCNICA ESTADUAL PAROBÉ
RR;1400100;BOA VISTA;20256;F15861;CPNU - COLÉGIO ESTADUAL MILITARIZADO PRESIDENTE TANCREDO NEVES CEM XXIII
RJ;3300456;BELFORD ROXO;20216;F15862;CPNU - COLÉGIO ESTADUAL PRESIDENTE KENNEDY
RJ;3304557;RIO DE JANEIRO;20228;F15863;CPNU - COLÉGIO ESTADUAL OLGA BENÁRIO PRESTES
PA;1501402;BELEM;20157;F15864;CPNU - COLÉGIO UNIVERSO
RN;2408003;MOSSORO;20243;F15865;CPNU - ESCOLA ESTADUAL PROFº ABEL FREIRE COELHO
GO;5211503;ITUMBIARA;20092;F15866;CPNU - COLÉGIO ESTADUAL FÉLIX DE ALMEIDA
PA;1501808;BREVES;20162;F15867;CPNU - CENTRO EDUCACIONAL PAULO CARVALHO - CEPAC
SP;3529005;MARILIA;20296;F15868;CPNU - UNIMAR- UNIVERSIDADE DE ENSINO DE MARÍLIA
MT;5101803;BARRA DO GARCAS;20146;F15869;CPNU - FACULDADE CATHEDRAL DE ENSINO SUPERIOR DE BARRA DO GARÇAS
AM;1302405;LABREA;20009;F15870;CPNU - ESCOLA ESTADUAL EDUCANDÁRIO SANTA RITA
AL;2700300;ARAPIRACA;20004;F15871;CPNU - EEEB PROFA IZAURA ANTONIA DE LISBOA
BA;2905701;CAMACARI;20023;F15872;CPNU - CENTRO TERRITORIAL DE EDUCAÇAO PROFISSIONAL DA REGIÃO METROPOLITANA - CETEP
ES;3205200;VILA VELHA;20077;F15873;CPNU - UMEF PROF NICE DE PAULA A. SOBRINHO
MG;3147907;PASSOS;20135;F15874;CPNU - ESCOLA ESTADUAL NAZLE JABUR
RJ;3304557;RIO DE JANEIRO;20227;F15875;CPNU - ESCOLA MUNICIPAL BENJAMIN CONSTANT
MG;3106705;BETIM;20119;F15876;CPNU - ESCOLA MUNICIPAL JOSEFINA MACEDO GONTIJO
DF;5300108;BRASILIA;20057;F15877;CPNU - UNIP
AP;1600279;LARANJAL DO JARI;20017;F15878;CPNU - ESC. EST. MINEKO HAYASHIDA
SP;3552205;SOROCABA;20317;F15879;CPNU - ESCOLA MUNICIPAL DR. ACHILLES DE ALMEIDA
PR;4104808;CASCAVEL;20204;F15880;CPNU - COLEGIO ESTADUAL ELEODORO EBANO PEREIRA
BA;2913606;ILHEUS;20028;F15881;CPNU - UNIVERSIDADE ESTADUAL DE SANTA CRUZ - UESC
PI;2208007;PICOS;20198;F15882;CPNU - CETI _ MARCOS PARENTE
CE;2312908;SOBRAL;20056;F15883;CPNU - UNINTA-CENTRO UNIVERSITARIO INTA-MEDICINA BLOCO A
MS;5003207;CORUMBA;20142;F15884;CPNU - ESCOLA ESTADUAL MARIA HELENA ALBANEZE
TO;1709500;GURUPI;20322;F15885;CPNU - CENTRO DE ENSINO MÉDIO ARY RIBEIRO VALADÃO FILHO
SE;2800308;ARACAJU;20282;F15886;CPNU - CCPA-COLEGIO DE CIENCIA PURA E APLICADA
SP;3530607;MOGI DAS CRUZES;20298;F15887;CPNU - EE APRÍGIO DE OLIVEIRA
AM;1303809;SAO GABRIEL DA CACHOEIRA;20014;F15888;CPNU - ESCOLA ESTADUAL SÃO GABRIEL
MT;5102504;CACERES;20147;F15889;CPNU - UNEMAT - UNIVERSIDADE DO ESTADO DE MATO GROSSO
CE;2311306;QUIXADA;20055;F15890;CPNU - EEMTI CORONEL VIRGILIO TAVORA
PE;2611606;RECIFE;20191;F15891;CPNU - UNIT CENTRO UNIVERSITÁRIO TIRADENTES
MG;3127701;GOVERNADOR VALADARES;20124;F15892;CPNU - EE DONA ADELAIDE MALZONE HUGO
AM;1301902;ITACOATIARA;20008;F15893;CPNU - ESCOLA ESTADUAL MARIA IVONE DE ARAUJO LEITE
PB;2504009;CAMPINA GRANDE;20176;F15894;CPNU - ECI PROF. ITAN PEREIRA
SC;4202404;BLUMENAU;20270;F15895;CPNU - CEDUP HERMANN HERING
PA;1501402;BELEM;20160;F15896;CPNU - ELITE EDUCAR
AP;1600501;OIAPOQUE;20019;F15897;CPNU - ESCOLA ESTADUAL JOAQUIM NABUCO
MG;3103405;ARACUAI;20115;F15898;CPNU - ESCOLA ESTADUAL PROFESSORA APARECIDA DUTRA
RJ;3300704;CABO FRIO;20218;F15899;CPNU - EM VEREADOR LEAQUIM SCHUINDT
RR;1400100;BOA VISTA;20255;F15900;CPNU - ESCOLA ESTADUAL ANA LIBORIA
MG;3170206;UBERLANDIA;20140;F15901;CPNU - ESCOLA ESTADUAL PROFESSORA JUVENÍLIA FERREIRA DOS SANTOS
SC;4205407;FLORIANOPOLIS;20275;F15902;CPNU - EEB PROF HENRIQUE STODIECK
PE;2609600;OLINDA;20185;F15903;CPNU - ESCOLA DE REFERENCIA EM ENSINO MEDIO GUEDES ALCOFORADO
BA;2927408;SALVADOR;20041;F15904;CPNU - COLEGIO ESTADUAL GÕES CALMON
MA;2108603;PINHEIRO;20107;F15905;CPNU - UNIDADE MAIS INTEGRAL - IEP
CE;2304400;FORTALEZA;20051;F15906;CPNU - CENTRO UNIVERSITÁRIO FAMETRO - CAMPUS CARNEIRO DA CUNHA
SP;3530607;MOGI DAS CRUZES;20299;F15907;CPNU - EE PROFª MARIA ISABEL DOS SANTOS MELLO
GO;5205497;CIDADE OCIDENTAL;20082;F15908;CPNU - COLÉGIO ESTADUAL DA POLICIA MILITAR DE GOIÁS  OCIDENTAL
AM;1303403;PARINTINS;20013;F15909;CPNU - ESCOLA ESTADUAL DOM GINO MALVESTIO
MG;3132404;ITAJUBA;20126;F15910;CPNU - ESCOLA ESTADUAL MAJOR JOÃO PEREIRA DE 1º E 2º GRAU
MG;3151206;PIRAPORA;20137;F15911;CPNU - ESCOLA ESTADUAL PROFESSORA HELOÍSA PASSOS
PB;2510808;PATOS;20180;F15912;CPNU - ESCOLA ESTADUAL CIDADÂ INTEGRAL MONSENHOR MANUEL VIERA
MS;5008305;TRES LAGOAS;20144;F15913;CPNU - AEMS- FACULDADES INTEGRADAS DE TRÊS LAGOAS
GO;5221858;VALPARAISO DE GOIAS;20100;F15914;CPNU - ESCOLA MUNICIPAL CÉU AZUL
PI;2211001;TERESINA;20203;F15915;CPNU - CETI PROFESSORA MARIA DE LOURDES REBELO
SP;3543402;RIBEIRAO PRETO;20305;F15916;CPNU - SEB COC RIBEIRANIA
BA;2903904;BOM JESUS DA LAPA;20021;F15917;CPNU - COLÉGIO ESTADUAL SÃO VICENTE DE PAULO
SP;3548500;SANTOS;20307;F15918;CPNU - EE PROFESSOR PRIMO FERREIRA
RS;4317509;SANTO ANGELO;20265;F15919;CPNU - ETE PRESIDENTE GETULIO VARGAS
DF;5300108;BRASILIA;20069;F15920;CPNU - CEUB
CE;2305506;IGUATU;20052;F15921;CPNU - EEMTI LICEU DR JOSE GONDIM
MG;3122306;DIVINOPOLIS;20123;F15922;CPNU - ESCOLA ESTADUAL SANTO TOMAZ DE AQUINO
MT;5107602;RONDONOPOLIS;20149;F15923;CPNU - ESCOLA ESTADUAL MAJOR OTAVIO PITALUGA
MA;2101400;BALSAS;20102;F15924;CPNU - ESCOLA   MUNICIPAL AGOSTINHO NEVES
SC;4204608;CRICIUMA;20274;F15925;CPNU - UNESC - UNIVERSIDADE DO EXTREMO SUL CATARINENSE
MG;3136702;JUIZ DE FORA;20130;F15926;CPNU - INSTITUTO ESTADUAL DE EDUCAÇÃO DE JUIZ DE FORA
GO;5208004;FORMOSA;20083;F15927;CPNU - COLEGIO ESTADUAL DE PERÍODO INTEGRAL HUGO LOBO
CE;2304400;FORTALEZA;20049;F15928;CPNU - CENTRO UNIVERSITÁRIO FAMETRO - CAMPUS CARNEIRO DA CUNHA
PR;4125506;SAO JOSE DOS PINHAIS;20214;F15929;CPNU - UNI SENAI PR
SC;4209102;JOINVILLE;20278;F15930;CPNU - EEB JOÃO COLIN
GO;5208608;GOIANESIA;20090;F15931;CPNU - COLÉGIO ESTADUAL JALLES MACHADO
PB;2504009;CAMPINA GRANDE;20175;F15932;CPNU - ESCOLA MUNICIPAL ROBERTO SIMONSEN
PE;2611606;RECIFE;20188;F15933;CPNU - EREM OLIVEIRA LIMA
GO;5208707;GOIANIA;20089;F15934;CPNU - CEPMG HUGO DE CARVALHO RAMOS
DF;5300108;BRASILIA;20064;F15935;CPNU - CEUB
RO;1100304;VILHENA;20254;F15936;CPNU - EEEMTI MARECHAL RONDON
BA;2926608;RIBEIRA DO POMBAL;20038;F15937;CPNU - COLEGIO EVENCIA BRITO
SP;3518800;GUARULHOS;20292;F15938;CPNU - EE HOMERO RUBENS DE SÁ
AC;1200401;RIO BRANCO;20003;F15939;CPNU - ESCOLA ESTADUAL  DE ENSINO FUNDAMENTAL E MÉDIO PE DIOGO FEIJÓ
PA;1502103;CAMETA;20163;F15940;CPNU - EMEF SÃO JOÃO BATISTA
SE;2802908;ITABAIANA;20284;F15941;CPNU - COLÉGIO ESTADUAL MURILO BRAGA
SP;3524402;JACAREI;20295;F15942;CPNU - E. M. E. F. PROFª BEATRIZ JUNQUEIRA DA SILVEIRA SANTOS
PA;1506807;SANTAREM;20172;F15943;CPNU - EMEF DEPUTADO UBALDO CORREA
BA;2917508;JACOBINA;20034;F15944;CPNU - CENTRO EDUCACIONAL DEOCLECIANO BARBOSA DE CASTRO
SC;4203006;CACADOR;20271;F15945;CPNU - ESCOLA JOVEM DE ENSINO MÉDIO IRMÃO LÉO
RS;4305108;CAXIAS DO SUL;20259;F15946;CPNU - COLEGIO ESTADUAL IMIGRANTE
SP;3534401;OSASCO;20300;F15947;CPNU - EE PROFESSORA FANNY MONZONI SANTOS
SP;3538709;PIRACICABA;20302;F15948;CPNU - EE PROF EDUIR BENEDICTO SCARPARI
SP;3541406;PRESIDENTE PRUDENTE;20303;F15949;CPNU - ASSOCIACAO EDUCACIONAL TOLEDO - TOLEDO PRUDENTE
RJ;3304557;RIO DE JANEIRO;20230;F15950;CPNU - COLÉGIO ESTADUAL MADRE TERESA DE CALCUTÁ
DF;5300108;BRASILIA;20068;F15951;CPNU - CEUB
PR;4106902;CURITIBA;20207;F15952;CPNU - UNISANTACRUZ
SP;3508504;CACAPAVA;20290;F15953;CPNU - EE MINISTRO JOSÉ DE MOURA RESENDE
SP;3550308;SAO PAULO;20316;F15954;CPNU - EE PROFESSOR LUIS MAGALHÃES DE ARAUJO
PA;1501709;BRAGANCA;20161;F15955;CPNU - EEEFMI LUIZ PAULINO MÁRTIRES
MA;2111300;SAO LUIS;20111;F15956;CPNU - UNICEUMA - CAMPUS RENASCENCA
BA;2927408;SALVADOR;20043;F15957;CPNU - CEEP ISAIAS ALVES
GO;5212501;LUZIANIA;20093;F15958;CPNU - CEPI OSVALDO DA COSTA MEIRELES
DF;5300108;BRASILIA;20067;F15959;CPNU - CEUB
MA;2103208;CHAPADINHA;20104;F15960;CPNU - C.E. DR. PAULO RAMOS
MA;2109106;PRESIDENTE DUTRA;20108;F15961;CPNU - COLEGIO MILITAR TIRADENTES XIX
SP;3536505;PAULINIA;20301;F15962;CPNU - EE GENERAL PORPHYRIO DA PAZ
SP;3547809;SANTO ANDRE;20306;F15963;CPNU - EE DR. AMÉRICO BRASILIENSE
AM;1302603;MANAUS;20010;F15964;CPNU - EE OLGA FACOLNE
CE;2307650;MARACANAU;20054;F15965;CPNU - EEMTI PROFESSOR ANTÔNIO MARTINS FILHO
MG;3134202;ITUIUTABA;20127;F15966;CPNU - UEMG
MG;3143302;MONTES CLAROS;20132;F15967;CPNU - ESCOLA ESTADUAL ELOY PEREIRA
PE;2611101;PETROLINA;20187;F15968;CPNU - ESCOLA ESTADUAL MOYSES BARBOSA
BA;2927408;SALVADOR;20039;F15969;CPNU - COLÉGIO ESTADUAL DA BAHIA - CENTRAL
MG;3101706;ALMENARA;20113;F15970;CPNU - ESCOLA ESTADUAL LAUDELINA DIAS LACERDA
DF;5300108;BRASILIA;20062;F15971;CPNU - COLÉGIO MARISTA JOÃO PAULO II
PB;2516201;SOUSA;20181;F15972;CPNU - ESCOLA CIDADÃ INTEGRAL MESTRE JÚLIO SARMENTO (POLI 2)
RJ;3304557;RIO DE JANEIRO;20231;F15973;CPNU - CIEP 382 ASPIRANTE FRANCISCO MEGA
PA;1504802;MONTE ALEGRE;20166;F15974;CPNU - ESCOLA ESTADUAL DE ENSINO MÉDIO PREFEITO CARIM MELÉM
ES;3205309;VITORIA;20078;F15975;CPNU - EMEF JUSCELINO KUBITSCHEK DE OLIVEIRA
RN;2408102;NATAL;20246;F15976;CPNU - ESCOLA ESTADUAL RAIMUNDO SOARES
RN;2408102;NATAL;20245;F15977;CPNU - CEEP PROFº JOÃO FAUSTINO FERREIRA NETO
SP;3548708;SAO BERNARDO DO CAMPO;20309;F15978;CPNU - FACULDADE ANHANGUERA - CAMPUS ATLÂNTICA SBC
PI;2207702;PARNAIBA;20197;F15979;CPNU - CEEP MINISTRO PETRONIO PORTELLA
RN;2408102;NATAL;20244;F15980;CPNU - E.E. GOVERNADOR WALFREDO GURGEL
MG;3135100;JANAUBA;20129;F15981;CPNU - ESCOLA ESTADUAL ROMULO SALES DE AZEVEDO
RJ;3306305;VOLTA REDONDA;20240;F15982;CPNU - COLÉGIO GETÚLIO VARGAS
RS;4301602;BAGE;20258;F15983;CPNU - E.E.E.B. PROFESSOR JUSTINO COSTA QUINTANA
TO;1702109;ARAGUAINA;20321;F15984;CPNU - COLÉGIO ESTADUAL GUILHERME DOURADO
RJ;3304557;RIO DE JANEIRO;20235;F15985;CPNU - CIEP 336 OCTÁVIO MALTA
